key	arxiv_id	candidate	source	size
evalcraftert2310.11440t0tevalcrafter_cand_000.pngt209x209
evalcraftert2310.11440t1tevalcrafter_cand_001.pngt209x209
evalcraftert2310.11440t2tevalcrafter_cand_002.pngt204x204
evalcraftert2310.11440t3tevalcrafter_cand_003.pngt204x204
evalcraftert2310.11440t4tevalcrafter_cand_004.pngt204x204
evalcraftert2310.11440t5tevalcrafter_cand_005.pngt204x204
evalcraftert2310.11440t6tevalcrafter_cand_006.pngt1650x1196
evalcraftert2310.11440t7tevalcrafter_cand_007.pngt1650x1196
evalcraftert2310.11440t8tevalcrafter_cand_008.pngt2756x1898
evalcraftert2310.11440t9tevalcrafter_cand_009.pngt2756x1898
evalcraftert2310.11440t10tevalcrafter_cand_010.pngt1811x1684
evalcraftert2310.11440t11tevalcrafter_cand_011.pngt1811x1684
evalcraftert2310.11440t12tevalcrafter_cand_012.pngt1918x1875
evalcraftert2310.11440t13tevalcrafter_cand_013.pngt1918x1875
evalcraftert2310.11440t14tevalcrafter_cand_014.pngt1918x1875
evalcraftert2310.11440t15tevalcrafter_cand_015.pngt1918x1875
evalcraftert2310.11440t16tevalcrafter_cand_016.pngt1918x1875
evalcraftert2310.11440t17tevalcrafter_cand_017.pngt1918x1875
evalcraftert2310.11440t18tevalcrafter_cand_018.pngt1922x1888
evalcraftert2310.11440t19tevalcrafter_cand_019.pngt1922x1888
evalcraftert2310.11440t20tevalcrafter_cand_020.pngt1918x1875
evalcraftert2310.11440t21tevalcrafter_cand_021.pngt1918x1875
evalcraftert2310.11440t22tevalcrafter_cand_022.pngt1918x1875
evalcraftert2310.11440t23tevalcrafter_cand_023.pngt1918x1875
evalcraftert2310.11440t24tevalcrafter_cand_024.pngt962x688
evalcraftert2310.11440t25tevalcrafter_cand_025.pngt962x688
evalcraftert2310.11440t26tevalcrafter_cand_026.pngt3060x1560
evalcraftert2310.11440t27tevalcrafter_cand_027.pngt3060x1560
evalcraftert2310.11440t28tevalcrafter_cand_028.pngt827x636
evalcraftert2310.11440t29tevalcrafter_cand_029.pngt827x636
evalcraftert2310.11440t30tevalcrafter_cand_030.pngt1105x1430
evalcraftert2310.11440t31tevalcrafter_cand_031.pngt1105x1430
evalcraftert2310.11440t32tevalcrafter_cand_032.pngt1105x1430
evalcraftert2310.11440t33tevalcrafter_cand_033.pngt1105x1430
evalcraftert2310.11440t34tevalcrafter_cand_034.pngt1105x1430
evalcraftert2310.11440t35tevalcrafter_cand_035.pngt1105x1430
evalcraftert2310.11440t36tevalcrafter_cand_036.pngt1105x1430
evalcraftert2310.11440t37tevalcrafter_cand_037.pngt1105x1430
evalcraftert2310.11440t38tevalcrafter_cand_038.pngt1105x1430
evalcraftert2310.11440t39tevalcrafter_cand_039.pngt1105x1430
evalcraftert2310.11440t40tevalcrafter_cand_040.pngt1105x1430
evalcraftert2310.11440t41tevalcrafter_cand_041.pngt1105x1430
evalcraftert2310.11440t42tevalcrafter_cand_042.pngt1105x1430
evalcraftert2310.11440t43tevalcrafter_cand_043.pngt1105x1430
vbencht2311.17982t0tvbench_cand_000.pngt343x274
vbencht2311.17982t1tvbench_cand_001.pngt343x274
vbencht2311.17982t2tvbench_cand_002.pngt271x271
vbencht2311.17982t3tvbench_cand_003.pngt271x271
vbencht2311.17982t4tvbench_cand_004.pngt230x230
vbencht2311.17982t5tvbench_cand_005.pngt230x230
vbencht2311.17982t6tvbench_cand_006.pngt2000x1840
vbencht2311.17982t7tvbench_cand_007.pngt2000x1840
vbencht2311.17982t8tvbench_cand_008.pngt990x729
vbencht2311.17982t9tvbench_cand_009.pngt2362x1412
vbencht2311.17982t10tvbench_cand_010.pngt512x512
vbencht2311.17982t11tvbench_cand_011.pngt480x480
vbencht2311.17982t12tvbench_cand_012.pngt2000x1840
vbencht2311.17982t13tvbench_cand_013.pngt2000x1840
vbencht2311.17982t14tvbench_cand_014.pngt2000x1840
vbencht2311.17982t15tvbench_cand_015.pngt2000x1840
vbencht2311.17982t16tvbench_cand_016.pngt8000x7360
vbencht2311.17982t17tvbench_cand_017.pngt8000x7360
vbencht2311.17982t18tvbench_cand_018.pngt8000x7360
vbencht2311.17982t19tvbench_cand_019.pngt8000x7360
vbencht2311.17982t20tvbench_cand_020.pngt8000x7360
vbencht2311.17982t21tvbench_cand_021.pngt8000x7360
vbencht2311.17982t22tvbench_cand_022.pngt8000x7360
vbencht2311.17982t23tvbench_cand_023.pngt8000x7360
vbencht2311.17982t24tvbench_cand_024.pngt2800x2480
vbencht2311.17982t25tvbench_cand_025.pngt2800x2480
vbencht2311.17982t26tvbench_cand_026.pngt2800x2480
vbencht2311.17982t27tvbench_cand_027.pngt2800x2480
vbencht2311.17982t28tvbench_cand_028.pngt2800x2480
vbencht2311.17982t29tvbench_cand_029.pngt2800x2480
vbencht2311.17982t30tvbench_cand_030.pngt2800x2480
vbencht2311.17982t31tvbench_cand_031.pngt2800x2480
vbencht2311.17982t32tvbench_cand_032.pngt2800x2480
vbencht2311.17982t33tvbench_cand_033.pngt2800x2480
vbencht2311.17982t34tvbench_cand_034.pngt256x256
vbencht2311.17982t35tvbench_cand_035.pngt256x256
vbencht2311.17982t36tvbench_cand_036.pngt256x256
vbencht2311.17982t37tvbench_cand_037.pngt256x256
vbencht2311.17982t38tvbench_cand_038.pngt256x256
vbencht2311.17982t39tvbench_cand_039.pngt256x256
vbencht2311.17982t40tvbench_cand_040.pngt256x256
vbencht2311.17982t41tvbench_cand_041.pngt256x256
vbencht2311.17982t42tvbench_cand_042.pngt256x256
vbencht2311.17982t43tvbench_cand_043.pngt256x256
vbencht2311.17982t44tvbench_cand_044.pngt256x256
vbencht2311.17982t45tvbench_cand_045.pngt256x256
vbencht2311.17982t46tvbench_cand_046.pngt256x256
vbencht2311.17982t47tvbench_cand_047.pngt256x256
vbencht2311.17982t48tvbench_cand_048.pngt256x256
vbencht2311.17982t49tvbench_cand_049.pngt256x256
vbencht2311.17982t50tvbench_cand_050.pngt256x256
vbencht2311.17982t51tvbench_cand_051.pngt256x256
vbencht2311.17982t52tvbench_cand_052.pngt256x256
vbencht2311.17982t53tvbench_cand_053.pngt256x256
vbencht2311.17982t54tvbench_cand_054.pngt1105x1430
vbencht2311.17982t55tvbench_cand_055.pngt1105x1430
vbencht2311.17982t56tvbench_cand_056.pngt1105x1430
vbencht2311.17982t57tvbench_cand_057.pngt1105x1430
vbencht2311.17982t58tvbench_cand_058.pngt1105x1430
vbencht2311.17982t59tvbench_cand_059.pngt1105x1430
vbencht2311.17982t60tvbench_cand_060.pngt1105x1430
vbencht2311.17982t61tvbench_cand_061.pngt1105x1430
vbencht2311.17982t62tvbench_cand_062.pngt1105x1430
vbencht2311.17982t63tvbench_cand_063.pngt1105x1430
vbencht2311.17982t64tvbench_cand_064.pngt1105x1430
vbencht2311.17982t65tvbench_cand_065.pngt1105x1430
vbencht2311.17982t66tvbench_cand_066.pngt1105x1430
vbencht2311.17982t67tvbench_cand_067.pngt1105x1430
videophyt2406.03520t0tvideophy_cand_000.pngt509x314
videophyt2406.03520t1tvideophy_cand_001.pngt1018x638
videophyt2406.03520t2tvideophy_cand_002.pngt1010x628
videophyt2406.03520t3tvideophy_cand_003.pngt1010x628
videophyt2406.03520t4tvideophy_cand_004.pngt1010x628
videophyt2406.03520t5tvideophy_cand_005.pngt1010x628
videophyt2406.03520t6tvideophy_cand_006.pngt1010x628
videophyt2406.03520t7tvideophy_cand_007.pngt1010x628
videophyt2406.03520t8tvideophy_cand_008.pngt1010x628
videophyt2406.03520t9tvideophy_cand_009.pngt1054x943
videophyt2406.03520t10tvideophy_cand_010.pngt1054x943
videophyt2406.03520t11tvideophy_cand_011.pngt1408x768
videophyt2406.03520t12tvideophy_cand_012.pngt1408x768
videophyt2406.03520t13tvideophy_cand_013.pngt720x480
videophyt2406.03520t14tvideophy_cand_014.pngt720x480
videophyt2406.03520t15tvideophy_cand_015.pngt720x480
videophyt2406.03520t16tvideophy_cand_016.pngt720x480
videophyt2406.03520t17tvideophy_cand_017.pngt1360x752
videophyt2406.03520t18tvideophy_cand_018.pngt1360x752
videophyt2406.03520t19tvideophy_cand_019.pngt720x480
videophyt2406.03520t20tvideophy_cand_020.pngt720x480
videophyt2406.03520t21tvideophy_cand_021.pngt1088x640
videophyt2406.03520t22tvideophy_cand_022.pngt1088x640
videophyt2406.03520t23tvideophy_cand_023.pngt720x480
videophyt2406.03520t24tvideophy_cand_024.pngt720x480
videophyt2406.03520t25tvideophy_cand_025.pngt720x480
videophyt2406.03520t26tvideophy_cand_026.pngt720x480
videophyt2406.03520t27tvideophy_cand_027.pngt720x480
videophyt2406.03520t28tvideophy_cand_028.pngt720x480
videophyt2406.03520t29tvideophy_cand_029.pngt1105x1430
videophyt2406.03520t30tvideophy_cand_030.pngt1105x1430
videophyt2406.03520t31tvideophy_cand_031.pngt1105x1430
videophyt2406.03520t32tvideophy_cand_032.pngt1105x1430
videophyt2406.03520t33tvideophy_cand_033.pngt1105x1430
videophyt2406.03520t34tvideophy_cand_034.pngt1105x1430
videophyt2406.03520t35tvideophy_cand_035.pngt1105x1430
videophyt2406.03520t36tvideophy_cand_036.pngt1105x1430
videophyt2406.03520t37tvideophy_cand_037.pngt1105x1430
videophyt2406.03520t38tvideophy_cand_038.pngt1105x1430
videophyt2406.03520t39tvideophy_cand_039.pngt1105x1430
videophyt2406.03520t40tvideophy_cand_040.pngt1105x1430
videophyt2406.03520t41tvideophy_cand_041.pngt1105x1430
videophyt2406.03520t42tvideophy_cand_042.pngt1105x1430
worldmodelbencht2502.20694t0tworldmodelbench_cand_000.pngt1756x1353
worldmodelbencht2502.20694t1tworldmodelbench_cand_001.pngt1270x948
worldmodelbencht2502.20694t2tworldmodelbench_cand_002.pngt1270x948
worldmodelbencht2502.20694t3tworldmodelbench_cand_003.pngt640x356
worldmodelbencht2502.20694t4tworldmodelbench_cand_004.pngt1270x948
worldmodelbencht2502.20694t5tworldmodelbench_cand_005.pngt640x356
worldmodelbencht2502.20694t6tworldmodelbench_cand_006.pngt1364x756
worldmodelbencht2502.20694t7tworldmodelbench_cand_007.pngt1270x710
worldmodelbencht2502.20694t8tworldmodelbench_cand_008.pngt1270x710
worldmodelbencht2502.20694t9tworldmodelbench_cand_009.pngt1150x640
worldmodelbencht2502.20694t10tworldmodelbench_cand_010.pngt1270x710
worldmodelbencht2502.20694t11tworldmodelbench_cand_011.pngt1150x640
worldmodelbencht2502.20694t12tworldmodelbench_cand_012.pngt834x466
worldmodelbencht2502.20694t13tworldmodelbench_cand_013.pngt1270x710
worldmodelbencht2502.20694t14tworldmodelbench_cand_014.pngt1150x640
worldmodelbencht2502.20694t15tworldmodelbench_cand_015.pngt834x466
worldmodelbencht2502.20694t16tworldmodelbench_cand_016.pngt1234x686
worldmodelbencht2502.20694t17tworldmodelbench_cand_017.pngt388x342
worldmodelbencht2502.20694t18tworldmodelbench_cand_018.pngt388x342
worldmodelbencht2502.20694t19tworldmodelbench_cand_019.pngt2720x1526
worldmodelbencht2502.20694t20tworldmodelbench_cand_020.pngt1124x1214
worldmodelbencht2502.20694t21tworldmodelbench_cand_021.pngt379x333
worldmodelbencht2502.20694t22tworldmodelbench_cand_022.pngt379x333
worldmodelbencht2502.20694t23tworldmodelbench_cand_023.pngt1024x1024
worldmodelbencht2502.20694t24tworldmodelbench_cand_024.pngt1024x1024
worldmodelbencht2502.20694t25tworldmodelbench_cand_025.pngt1024x1024
worldmodelbencht2502.20694t26tworldmodelbench_cand_026.pngt2152x418
worldmodelbencht2502.20694t27tworldmodelbench_cand_027.pngt2152x418
worldmodelbencht2502.20694t28tworldmodelbench_cand_028.pngt3000x502
worldmodelbencht2502.20694t29tworldmodelbench_cand_029.pngt3000x502
worldmodelbencht2502.20694t30tworldmodelbench_cand_030.pngt1272x592
worldmodelbencht2502.20694t31tworldmodelbench_cand_031.pngt1272x592
worldmodelbencht2502.20694t32tworldmodelbench_cand_032.pngt1274x582
worldmodelbencht2502.20694t33tworldmodelbench_cand_033.pngt1274x582
worldmodelbencht2502.20694t34tworldmodelbench_cand_034.pngt1272x580
worldmodelbencht2502.20694t35tworldmodelbench_cand_035.pngt1272x580
worldmodelbencht2502.20694t36tworldmodelbench_cand_036.pngt3006x508
worldmodelbencht2502.20694t37tworldmodelbench_cand_037.pngt3006x508
worldmodelbencht2502.20694t38tworldmodelbench_cand_038.pngt3012x508
worldmodelbencht2502.20694t39tworldmodelbench_cand_039.pngt3012x508
worldmodelbencht2502.20694t40tworldmodelbench_cand_040.pngt1051x867
worldmodelbencht2502.20694t41tworldmodelbench_cand_041.pngt830x464
worldmodelbencht2502.20694t42tworldmodelbench_cand_042.pngt832x460
worldmodelbencht2502.20694t43tworldmodelbench_cand_043.pngt826x462
worldmodelbencht2502.20694t44tworldmodelbench_cand_044.pngt828x458
worldmodelbencht2502.20694t45tworldmodelbench_cand_045.pngt826x462
worldmodelbencht2502.20694t46tworldmodelbench_cand_046.pngt828x462
worldmodelbencht2502.20694t47tworldmodelbench_cand_047.pngt832x460
worldmodelbencht2502.20694t48tworldmodelbench_cand_048.pngt830x464
worldmodelbencht2502.20694t49tworldmodelbench_cand_049.pngt828x464
worldmodelbencht2502.20694t50tworldmodelbench_cand_050.pngt830x462
worldmodelbencht2502.20694t51tworldmodelbench_cand_051.pngt832x460
worldmodelbencht2502.20694t52tworldmodelbench_cand_052.pngt830x462
worldmodelbencht2502.20694t53tworldmodelbench_cand_053.pngt1105x1430
worldmodelbencht2502.20694t54tworldmodelbench_cand_054.pngt1105x1430
worldmodelbencht2502.20694t55tworldmodelbench_cand_055.pngt1105x1430
worldmodelbencht2502.20694t56tworldmodelbench_cand_056.pngt1105x1430
worldmodelbencht2502.20694t57tworldmodelbench_cand_057.pngt1105x1430
worldmodelbencht2502.20694t58tworldmodelbench_cand_058.pngt1105x1430
worldmodelbencht2502.20694t59tworldmodelbench_cand_059.pngt1105x1430
worldmodelbencht2502.20694t60tworldmodelbench_cand_060.pngt1105x1430
worldmodelbencht2502.20694t61tworldmodelbench_cand_061.pngt1105x1430
worldmodelbencht2502.20694t62tworldmodelbench_cand_062.pngt1105x1430
worldmodelbencht2502.20694t63tworldmodelbench_cand_063.pngt1105x1430
worldmodelbencht2502.20694t64tworldmodelbench_cand_064.pngt1105x1430
worldmodelbencht2502.20694t65tworldmodelbench_cand_065.pngt1105x1430
worldmodelbencht2502.20694t66tworldmodelbench_cand_066.pngt1105x1430
physicsiqt2501.09038t0tphysicsiq_cand_000.pngt3810x512
physicsiqt2501.09038t1tphysicsiq_cand_001.pngt3810x512
physicsiqt2501.09038t2tphysicsiq_cand_002.pngt3840x2160
physicsiqt2501.09038t3tphysicsiq_cand_003.pngt1200x675
physicsiqt2501.09038t4tphysicsiq_cand_004.pngt1200x675
physicsiqt2501.09038t5tphysicsiq_cand_005.pngt1200x675
physicsiqt2501.09038t6tphysicsiq_cand_006.pngt1200x675
physicsiqt2501.09038t7tphysicsiq_cand_007.pngt1200x675
physicsiqt2501.09038t8tphysicsiq_cand_008.pngt1200x675
physicsiqt2501.09038t9tphysicsiq_cand_009.pngt1200x675
physicsiqt2501.09038t10tphysicsiq_cand_010.pngt1200x675
physicsiqt2501.09038t11tphysicsiq_cand_011.pngt1200x675
physicsiqt2501.09038t12tphysicsiq_cand_012.pngt1360x752
physicsiqt2501.09038t13tphysicsiq_cand_013.pngt340x188
physicsiqt2501.09038t14tphysicsiq_cand_014.pngt960x540
physicsiqt2501.09038t15tphysicsiq_cand_015.pngt960x540
physicsiqt2501.09038t16tphysicsiq_cand_016.pngt1360x752
physicsiqt2501.09038t17tphysicsiq_cand_017.pngt3840x2160
physicsiqt2501.09038t18tphysicsiq_cand_018.pngt3840x2160
physicsiqt2501.09038t19tphysicsiq_cand_019.pngt1360x752
physicsiqt2501.09038t20tphysicsiq_cand_020.pngt3840x2160
physicsiqt2501.09038t21tphysicsiq_cand_021.pngt3840x2160
physicsiqt2501.09038t22tphysicsiq_cand_022.pngt3840x2160
physicsiqt2501.09038t23tphysicsiq_cand_023.pngt2048x449
physicsiqt2501.09038t24tphysicsiq_cand_024.pngt2048x449
physicsiqt2501.09038t25tphysicsiq_cand_025.pngt512x512
physicsiqt2501.09038t26tphysicsiq_cand_026.pngt512x512
physicsiqt2501.09038t27tphysicsiq_cand_027.pngt512x512
physicsiqt2501.09038t28tphysicsiq_cand_028.pngt512x512
physicsiqt2501.09038t29tphysicsiq_cand_029.pngt512x512
physicsiqt2501.09038t30tphysicsiq_cand_030.pngt512x512
physicsiqt2501.09038t31tphysicsiq_cand_031.pngt512x512
physicsiqt2501.09038t32tphysicsiq_cand_032.pngt484x460
physicsiqt2501.09038t33tphysicsiq_cand_033.pngt1200x720
physicsiqt2501.09038t34tphysicsiq_cand_034.pngt1200x720
physicsiqt2501.09038t35tphysicsiq_cand_035.pngt1200x720
physicsiqt2501.09038t36tphysicsiq_cand_036.pngt1200x720
physicsiqt2501.09038t37tphysicsiq_cand_037.pngt1200x720
physicsiqt2501.09038t38tphysicsiq_cand_038.pngt1200x720
physicsiqt2501.09038t39tphysicsiq_cand_039.pngt1200x720
physicsiqt2501.09038t40tphysicsiq_cand_040.pngt1200x720
physicsiqt2501.09038t41tphysicsiq_cand_041.pngt1200x720
physicsiqt2501.09038t42tphysicsiq_cand_042.pngt1200x720
physicsiqt2501.09038t43tphysicsiq_cand_043.pngt1200x720
physicsiqt2501.09038t44tphysicsiq_cand_044.pngt1200x720
physicsiqt2501.09038t45tphysicsiq_cand_045.pngt1200x720
physicsiqt2501.09038t46tphysicsiq_cand_046.pngt1200x720
physicsiqt2501.09038t47tphysicsiq_cand_047.pngt1200x720
physicsiqt2501.09038t48tphysicsiq_cand_048.pngt1200x720
physicsiqt2501.09038t49tphysicsiq_cand_049.pngt1200x720
physicsiqt2501.09038t50tphysicsiq_cand_050.pngt1200x720
physicsiqt2501.09038t51tphysicsiq_cand_051.pngt1200x720
physicsiqt2501.09038t52tphysicsiq_cand_052.pngt1200x720
physicsiqt2501.09038t53tphysicsiq_cand_053.pngt500x500
physicsiqt2501.09038t54tphysicsiq_cand_054.pngt500x500
physicsiqt2501.09038t55tphysicsiq_cand_055.pngt500x500
physicsiqt2501.09038t56tphysicsiq_cand_056.pngt500x500
physicsiqt2501.09038t57tphysicsiq_cand_057.pngt500x500
physicsiqt2501.09038t58tphysicsiq_cand_058.pngt500x500
physicsiqt2501.09038t59tphysicsiq_cand_059.pngt958x1141
physicsiqt2501.09038t60tphysicsiq_cand_060.pngt958x1141
physicsiqt2501.09038t61tphysicsiq_cand_061.pngt4608x4752
physicsiqt2501.09038t62tphysicsiq_cand_062.pngt1650x295
physicsiqt2501.09038t63tphysicsiq_cand_063.pngt1105x1430
physicsiqt2501.09038t64tphysicsiq_cand_064.pngt1105x1430
physicsiqt2501.09038t65tphysicsiq_cand_065.pngt1105x1430
physicsiqt2501.09038t66tphysicsiq_cand_066.pngt1105x1430
physicsiqt2501.09038t67tphysicsiq_cand_067.pngt1105x1430
physicsiqt2501.09038t68tphysicsiq_cand_068.pngt1105x1430
physicsiqt2501.09038t69tphysicsiq_cand_069.pngt1105x1430
physicsiqt2501.09038t70tphysicsiq_cand_070.pngt1105x1430
physicsiqt2501.09038t71tphysicsiq_cand_071.pngt1105x1430
physicsiqt2501.09038t72tphysicsiq_cand_072.pngt1105x1430
physicsiqt2501.09038t73tphysicsiq_cand_073.pngt1105x1430
physicsiqt2501.09038t74tphysicsiq_cand_074.pngt1105x1430
physicsiqt2501.09038t75tphysicsiq_cand_075.pngt1105x1430
worldscoret2504.00983t0tworldscore_cand_000.pngt512x512
worldscoret2504.00983t1tworldscore_cand_001.pngt512x512
worldscoret2504.00983t2tworldscore_cand_002.pngt512x512
worldscoret2504.00983t3tworldscore_cand_003.pngt1024x576
worldscoret2504.00983t4tworldscore_cand_004.pngt1024x576
worldscoret2504.00983t5tworldscore_cand_005.pngt567x567
worldscoret2504.00983t6tworldscore_cand_006.pngt512x512
worldscoret2504.00983t7tworldscore_cand_007.pngt512x512
worldscoret2504.00983t8tworldscore_cand_008.pngt512x512
worldscoret2504.00983t9tworldscore_cand_009.pngt512x512
worldscoret2504.00983t10tworldscore_cand_010.pngt512x512
worldscoret2504.00983t11tworldscore_cand_011.pngt512x512
worldscoret2504.00983t12tworldscore_cand_012.pngt512x512
worldscoret2504.00983t13tworldscore_cand_013.pngt1280x768
worldscoret2504.00983t14tworldscore_cand_014.pngt246x147
worldscoret2504.00983t15tworldscore_cand_015.pngt256x256
worldscoret2504.00983t16tworldscore_cand_016.pngt306x184
worldscoret2504.00983t17tworldscore_cand_017.pngt340x206
worldscoret2504.00983t18tworldscore_cand_018.pngt340x206
worldscoret2504.00983t19tworldscore_cand_019.pngt270x152
worldscoret2504.00983t20tworldscore_cand_020.pngt270x152
worldscoret2504.00983t21tworldscore_cand_021.pngt256x256
worldscoret2504.00983t22tworldscore_cand_022.pngt270x180
worldscoret2504.00983t23tworldscore_cand_023.pngt270x180
worldscoret2504.00983t24tworldscore_cand_024.pngt340x204
worldscoret2504.00983t25tworldscore_cand_025.pngt270x180
worldscoret2504.00983t26tworldscore_cand_026.pngt270x180
worldscoret2504.00983t27tworldscore_cand_027.pngt256x256
worldscoret2504.00983t28tworldscore_cand_028.pngt270x180
worldscoret2504.00983t29tworldscore_cand_029.pngt270x180
worldscoret2504.00983t30tworldscore_cand_030.pngt342x204
worldscoret2504.00983t31tworldscore_cand_031.pngt342x204
worldscoret2504.00983t32tworldscore_cand_032.pngt270x180
worldscoret2504.00983t33tworldscore_cand_033.pngt270x180
worldscoret2504.00983t34tworldscore_cand_034.pngt256x256
worldscoret2504.00983t35tworldscore_cand_035.pngt270x189
worldscoret2504.00983t36tworldscore_cand_036.pngt270x180
worldscoret2504.00983t37tworldscore_cand_037.pngt340x204
worldscoret2504.00983t38tworldscore_cand_038.pngt270x216
worldscoret2504.00983t39tworldscore_cand_039.pngt270x180
worldscoret2504.00983t40tworldscore_cand_040.pngt256x256
worldscoret2504.00983t41tworldscore_cand_041.pngt270x203
worldscoret2504.00983t42tworldscore_cand_042.pngt270x180
worldscoret2504.00983t43tworldscore_cand_043.pngt258x158
worldscoret2504.00983t44tworldscore_cand_044.pngt258x158
worldscoret2504.00983t45tworldscore_cand_045.pngt270x181
worldscoret2504.00983t46tworldscore_cand_046.pngt270x180
worldscoret2504.00983t47tworldscore_cand_047.pngt256x256
worldscoret2504.00983t48tworldscore_cand_048.pngt270x180
worldscoret2504.00983t49tworldscore_cand_049.pngt256x192
worldscoret2504.00983t50tworldscore_cand_050.pngt278x166
worldscoret2504.00983t51tworldscore_cand_051.pngt278x166
worldscoret2504.00983t52tworldscore_cand_052.pngt270x180
worldscoret2504.00983t53tworldscore_cand_053.pngt270x180
worldscoret2504.00983t54tworldscore_cand_054.pngt256x256
worldscoret2504.00983t55tworldscore_cand_055.pngt270x152
worldscoret2504.00983t56tworldscore_cand_056.pngt224x136
worldscoret2504.00983t57tworldscore_cand_057.pngt224x136
worldscoret2504.00983t58tworldscore_cand_058.pngt256x256
worldscoret2504.00983t59tworldscore_cand_059.pngt256x256
worldscoret2504.00983t60tworldscore_cand_060.pngt256x256
worldscoret2504.00983t61tworldscore_cand_061.pngt270x180
worldscoret2504.00983t62tworldscore_cand_062.pngt248x248
worldscoret2504.00983t63tworldscore_cand_063.pngt248x248
worldscoret2504.00983t64tworldscore_cand_064.pngt266x160
worldscoret2504.00983t65tworldscore_cand_065.pngt266x160
worldscoret2504.00983t66tworldscore_cand_066.pngt270x180
worldscoret2504.00983t67tworldscore_cand_067.pngt256x256
worldscoret2504.00983t68tworldscore_cand_068.pngt270x180
worldscoret2504.00983t69tworldscore_cand_069.pngt270x181
worldscoret2504.00983t70tworldscore_cand_070.pngt250x248
worldscoret2504.00983t71tworldscore_cand_071.pngt250x248
worldscoret2504.00983t72tworldscore_cand_072.pngt220x132
worldscoret2504.00983t73tworldscore_cand_073.pngt220x132
worldscoret2504.00983t74tworldscore_cand_074.pngt270x179
worldscoret2504.00983t75tworldscore_cand_075.pngt270x169
worldscoret2504.00983t76tworldscore_cand_076.pngt256x256
worldscoret2504.00983t77tworldscore_cand_077.pngt270x169
worldscoret2504.00983t78tworldscore_cand_078.pngt200x202
worldscoret2504.00983t79tworldscore_cand_079.pngt200x202
worldscoret2504.00983t80tworldscore_cand_080.pngt204x204
worldscoret2504.00983t81tworldscore_cand_081.pngt204x204
worldscoret2504.00983t82tworldscore_cand_082.pngt1080x720
worldscoret2504.00983t83tworldscore_cand_083.pngt1024x1024
worldscoret2504.00983t84tworldscore_cand_084.pngt256x256
worldscoret2504.00983t85tworldscore_cand_085.pngt256x256
worldscoret2504.00983t86tworldscore_cand_086.pngt256x256
worldscoret2504.00983t87tworldscore_cand_087.pngt256x256
worldscoret2504.00983t88tworldscore_cand_088.pngt256x256
worldscoret2504.00983t89tworldscore_cand_089.pngt256x256
worldscoret2504.00983t90tworldscore_cand_090.pngt256x256
worldscoret2504.00983t91tworldscore_cand_091.pngt256x256
worldscoret2504.00983t92tworldscore_cand_092.pngt256x256
worldscoret2504.00983t93tworldscore_cand_093.pngt256x256
worldscoret2504.00983t94tworldscore_cand_094.pngt256x256
worldscoret2504.00983t95tworldscore_cand_095.pngt256x256
worldscoret2504.00983t96tworldscore_cand_096.pngt256x256
worldscoret2504.00983t97tworldscore_cand_097.pngt256x256
worldscoret2504.00983t98tworldscore_cand_098.pngt256x256
worldscoret2504.00983t99tworldscore_cand_099.pngt256x256
worldscoret2504.00983t100tworldscore_cand_100.pngt256x256
worldscoret2504.00983t101tworldscore_cand_101.pngt256x256
worldscoret2504.00983t102tworldscore_cand_102.pngt1168x864
worldscoret2504.00983t103tworldscore_cand_103.pngt1168x864
worldscoret2504.00983t104tworldscore_cand_104.pngt256x256
worldscoret2504.00983t105tworldscore_cand_105.pngt256x256
worldscoret2504.00983t106tworldscore_cand_106.pngt256x256
worldscoret2504.00983t107tworldscore_cand_107.pngt256x256
worldscoret2504.00983t108tworldscore_cand_108.pngt286x170
worldscoret2504.00983t109tworldscore_cand_109.pngt286x170
worldscoret2504.00983t110tworldscore_cand_110.pngt286x170
worldscoret2504.00983t111tworldscore_cand_111.pngt286x170
worldscoret2504.00983t112tworldscore_cand_112.pngt286x170
worldscoret2504.00983t113tworldscore_cand_113.pngt286x170
worldscoret2504.00983t114tworldscore_cand_114.pngt286x170
worldscoret2504.00983t115tworldscore_cand_115.pngt286x170
worldscoret2504.00983t116tworldscore_cand_116.pngt286x172
worldscoret2504.00983t117tworldscore_cand_117.pngt286x172
worldscoret2504.00983t118tworldscore_cand_118.pngt286x172
worldscoret2504.00983t119tworldscore_cand_119.pngt286x172
worldscoret2504.00983t120tworldscore_cand_120.pngt286x172
worldscoret2504.00983t121tworldscore_cand_121.pngt286x172
worldscoret2504.00983t122tworldscore_cand_122.pngt284x172
worldscoret2504.00983t123tworldscore_cand_123.pngt284x172
worldscoret2504.00983t124tworldscore_cand_124.pngt1250x791
worldscoret2504.00983t125tworldscore_cand_125.pngt1250x791
worldscoret2504.00983t126tworldscore_cand_126.pngt1250x791
worldscoret2504.00983t127tworldscore_cand_127.pngt1250x791
worldscoret2504.00983t128tworldscore_cand_128.pngt1250x736
worldscoret2504.00983t129tworldscore_cand_129.pngt1250x736
worldscoret2504.00983t130tworldscore_cand_130.pngt1250x736
worldscoret2504.00983t131tworldscore_cand_131.pngt1250x736
worldscoret2504.00983t132tworldscore_cand_132.pngt1224x736
worldscoret2504.00983t133tworldscore_cand_133.pngt1224x736
worldscoret2504.00983t134tworldscore_cand_134.pngt1224x736
worldscoret2504.00983t135tworldscore_cand_135.pngt1224x736
worldscoret2504.00983t136tworldscore_cand_136.pngt1224x736
worldscoret2504.00983t137tworldscore_cand_137.pngt1224x736
worldscoret2504.00983t138tworldscore_cand_138.pngt1224x736
worldscoret2504.00983t139tworldscore_cand_139.pngt1224x736
worldscoret2504.00983t140tworldscore_cand_140.pngt1224x736
worldscoret2504.00983t141tworldscore_cand_141.pngt1224x736
worldscoret2504.00983t142tworldscore_cand_142.pngt1224x736
worldscoret2504.00983t143tworldscore_cand_143.pngt1224x736
worldscoret2504.00983t144tworldscore_cand_144.pngt334x202
worldscoret2504.00983t145tworldscore_cand_145.pngt334x202
worldscoret2504.00983t146tworldscore_cand_146.pngt334x202
worldscoret2504.00983t147tworldscore_cand_147.pngt334x202
worldscoret2504.00983t148tworldscore_cand_148.pngt334x202
worldscoret2504.00983t149tworldscore_cand_149.pngt334x202
worldscoret2504.00983t150tworldscore_cand_150.pngt334x202
worldscoret2504.00983t151tworldscore_cand_151.pngt334x202
worldscoret2504.00983t152tworldscore_cand_152.pngt801x497
worldscoret2504.00983t153tworldscore_cand_153.pngt801x497
worldscoret2504.00983t154tworldscore_cand_154.pngt1224x736
worldscoret2504.00983t155tworldscore_cand_155.pngt1224x736
worldscoret2504.00983t156tworldscore_cand_156.pngt801x497
worldscoret2504.00983t157tworldscore_cand_157.pngt801x497
worldscoret2504.00983t158tworldscore_cand_158.pngt1224x736
worldscoret2504.00983t159tworldscore_cand_159.pngt1224x736
worldscoret2504.00983t160tworldscore_cand_160.pngt1105x1430
worldscoret2504.00983t161tworldscore_cand_161.pngt1105x1430
worldscoret2504.00983t162tworldscore_cand_162.pngt1105x1430
worldscoret2504.00983t163tworldscore_cand_163.pngt1105x1430
worldscoret2504.00983t164tworldscore_cand_164.pngt1105x1430
worldscoret2504.00983t165tworldscore_cand_165.pngt1105x1430
worldscoret2504.00983t166tworldscore_cand_166.pngt1105x1430
worldscoret2504.00983t167tworldscore_cand_167.pngt1105x1430
worldscoret2504.00983t168tworldscore_cand_168.pngt1105x1430
worldscoret2504.00983t169tworldscore_cand_169.pngt1105x1430
worldscoret2504.00983t170tworldscore_cand_170.pngt1105x1430
worldscoret2504.00983t171tworldscore_cand_171.pngt1105x1430
worldscoret2504.00983t172tworldscore_cand_172.pngt1105x1430
worldscoret2504.00983t173tworldscore_cand_173.pngt1105x1430
videoscoret2406.15252t0tvideoscore_cand_000.pngt884x550
videoscoret2406.15252t1tvideoscore_cand_001.pngt1075x1521
videoscoret2406.15252t2tvideoscore_cand_002.pngt1075x1521
videoscoret2406.15252t3tvideoscore_cand_003.pngt1075x1521
videoscoret2406.15252t4tvideoscore_cand_004.pngt1075x1521
videoscoret2406.15252t5tvideoscore_cand_005.pngt1075x1521
videoscoret2406.15252t6tvideoscore_cand_006.pngt1075x1521
videoscoret2406.15252t7tvideoscore_cand_007.pngt1075x1521
videoscoret2406.15252t8tvideoscore_cand_008.pngt1075x1521
videoscoret2406.15252t9tvideoscore_cand_009.pngt1075x1521
videoscoret2406.15252t10tvideoscore_cand_010.pngt1075x1521
videoscoret2406.15252t11tvideoscore_cand_011.pngt1075x1521
videoscoret2406.15252t12tvideoscore_cand_012.pngt1075x1521
videoscoret2406.15252t13tvideoscore_cand_013.pngt1075x1521
videoscoret2406.15252t14tvideoscore_cand_014.pngt1075x1521
ewmbencht2505.09694t0tewmbench_cand_000.pngt1169x366
ewmbencht2505.09694t1tewmbench_cand_001.pngt260x260
ewmbencht2505.09694t2tewmbench_cand_002.pngt260x260
ewmbencht2505.09694t3tewmbench_cand_003.pngt259x260
ewmbencht2505.09694t4tewmbench_cand_004.pngt260x260
ewmbencht2505.09694t5tewmbench_cand_005.pngt260x260
ewmbencht2505.09694t6tewmbench_cand_006.pngt260x260
ewmbencht2505.09694t7tewmbench_cand_007.pngt259x260
ewmbencht2505.09694t8tewmbench_cand_008.pngt260x260
ewmbencht2505.09694t9tewmbench_cand_009.pngt260x259
ewmbencht2505.09694t10tewmbench_cand_010.pngt640x360
ewmbencht2505.09694t11tewmbench_cand_011.pngt640x360
ewmbencht2505.09694t12tewmbench_cand_012.pngt640x360
ewmbencht2505.09694t13tewmbench_cand_013.pngt480x270
ewmbencht2505.09694t14tewmbench_cand_014.pngt480x270
ewmbencht2505.09694t15tewmbench_cand_015.pngt480x270
ewmbencht2505.09694t16tewmbench_cand_016.pngt1280x180
ewmbencht2505.09694t17tewmbench_cand_017.pngt320x179
ewmbencht2505.09694t18tewmbench_cand_018.pngt640x360
ewmbencht2505.09694t19tewmbench_cand_019.pngt640x360
ewmbencht2505.09694t20tewmbench_cand_020.pngt640x360
ewmbencht2505.09694t21tewmbench_cand_021.pngt640x360
ewmbencht2505.09694t22tewmbench_cand_022.pngt1000x1000
ewmbencht2505.09694t23tewmbench_cand_023.pngt891x674
ewmbencht2505.09694t24tewmbench_cand_024.pngt891x674
ewmbencht2505.09694t25tewmbench_cand_025.pngt577x433
ewmbencht2505.09694t26tewmbench_cand_026.pngt577x433
ewmbencht2505.09694t27tewmbench_cand_027.pngt640x480
ewmbencht2505.09694t28tewmbench_cand_028.pngt640x480
ewmbencht2505.09694t29tewmbench_cand_029.pngt640x480
ewmbencht2505.09694t30tewmbench_cand_030.pngt640x480
ewmbencht2505.09694t31tewmbench_cand_031.pngt640x480
ewmbencht2505.09694t32tewmbench_cand_032.pngt399x255
ewmbencht2505.09694t33tewmbench_cand_033.pngt640x360
ewmbencht2505.09694t34tewmbench_cand_034.pngt443x443
ewmbencht2505.09694t35tewmbench_cand_035.pngt443x443
ewmbencht2505.09694t36tewmbench_cand_036.pngt640x480
ewmbencht2505.09694t37tewmbench_cand_037.pngt640x480
ewmbencht2505.09694t38tewmbench_cand_038.pngt1019x713
ewmbencht2505.09694t39tewmbench_cand_039.pngt1095x208
ewmbencht2505.09694t40tewmbench_cand_040.pngt1095x208
ewmbencht2505.09694t41tewmbench_cand_041.pngt274x208
ewmbencht2505.09694t42tewmbench_cand_042.pngt1095x208
ewmbencht2505.09694t43tewmbench_cand_043.pngt1095x208
ewmbencht2505.09694t44tewmbench_cand_044.pngt276x208
ewmbencht2505.09694t45tewmbench_cand_045.pngt1095x208
ewmbencht2505.09694t46tewmbench_cand_046.pngt1095x208
ewmbencht2505.09694t47tewmbench_cand_047.pngt274x208
ewmbencht2505.09694t48tewmbench_cand_048.pngt1095x208
ewmbencht2505.09694t49tewmbench_cand_049.pngt274x208
ewmbencht2505.09694t50tewmbench_cand_050.pngt486x393
ewmbencht2505.09694t51tewmbench_cand_051.pngt661x393
ewmbencht2505.09694t52tewmbench_cand_052.pngt826x266
ewmbencht2505.09694t53tewmbench_cand_053.pngt645x484
ewmbencht2505.09694t54tewmbench_cand_054.pngt645x484
ewmbencht2505.09694t55tewmbench_cand_055.pngt903x484
ewmbencht2505.09694t56tewmbench_cand_056.pngt640x480
ewmbencht2505.09694t57tewmbench_cand_057.pngt665x612
ewmbencht2505.09694t58tewmbench_cand_058.pngt399x260
ewmbencht2505.09694t59tewmbench_cand_059.pngt660x611
ewmbencht2505.09694t60tewmbench_cand_060.pngt640x480
ewmbencht2505.09694t61tewmbench_cand_061.pngt660x611
ewmbencht2505.09694t62tewmbench_cand_062.pngt640x480
ewmbencht2505.09694t63tewmbench_cand_063.pngt660x611
ewmbencht2505.09694t64tewmbench_cand_064.pngt398x252
ewmbencht2505.09694t65tewmbench_cand_065.pngt660x611
ewmbencht2505.09694t66tewmbench_cand_066.pngt640x480
ewmbencht2505.09694t67tewmbench_cand_067.pngt660x611
ewmbencht2505.09694t68tewmbench_cand_068.pngt399x255
ewmbencht2505.09694t69tewmbench_cand_069.pngt660x611
ewmbencht2505.09694t70tewmbench_cand_070.pngt399x255
ewmbencht2505.09694t71tewmbench_cand_071.pngt660x611
ewmbencht2505.09694t72tewmbench_cand_072.pngt399x255
ewmbencht2505.09694t73tewmbench_cand_073.pngt660x611
ewmbencht2505.09694t74tewmbench_cand_074.pngt399x258
ewmbencht2505.09694t75tewmbench_cand_075.pngt660x611
ewmbencht2505.09694t76tewmbench_cand_076.pngt281x282
ewmbencht2505.09694t77tewmbench_cand_077.pngt278x278
ewmbencht2505.09694t78tewmbench_cand_078.pngt281x281
ewmbencht2505.09694t79tewmbench_cand_079.pngt275x275
ewmbencht2505.09694t80tewmbench_cand_080.pngt275x275
ewmbencht2505.09694t81tewmbench_cand_081.pngt275x275
ewmbencht2505.09694t82tewmbench_cand_082.pngt271x271
ewmbencht2505.09694t83tewmbench_cand_083.pngt271x271
ewmbencht2505.09694t84tewmbench_cand_084.pngt1105x1430
ewmbencht2505.09694t85tewmbench_cand_085.pngt1105x1430
ewmbencht2505.09694t86tewmbench_cand_086.pngt1105x1430
ewmbencht2505.09694t87tewmbench_cand_087.pngt1105x1430
ewmbencht2505.09694t88tewmbench_cand_088.pngt1105x1430
ewmbencht2505.09694t89tewmbench_cand_089.pngt1105x1430
ewmbencht2505.09694t90tewmbench_cand_090.pngt1105x1430
ewmbencht2505.09694t91tewmbench_cand_091.pngt1105x1430
ewmbencht2505.09694t92tewmbench_cand_092.pngt1105x1430
ewmbencht2505.09694t93tewmbench_cand_093.pngt1105x1430
ewmbencht2505.09694t94tewmbench_cand_094.pngt1105x1430
ewmbencht2505.09694t95tewmbench_cand_095.pngt1105x1430
ewmbencht2505.09694t96tewmbench_cand_096.pngt1105x1430
ewmbencht2505.09694t97tewmbench_cand_097.pngt1105x1430
liberot2306.03310t0tlibero_cand_000.pngt600x600
liberot2306.03310t1tlibero_cand_001.pngt600x600
liberot2306.03310t2tlibero_cand_002.pngt1280x1280
liberot2306.03310t3tlibero_cand_003.pngt1247x501
liberot2306.03310t4tlibero_cand_004.pngt1247x501
liberot2306.03310t5tlibero_cand_005.pngt700x700
liberot2306.03310t6tlibero_cand_006.pngt700x700
liberot2306.03310t7tlibero_cand_007.pngt350x350
liberot2306.03310t8tlibero_cand_008.pngt350x350
liberot2306.03310t9tlibero_cand_009.pngt350x350
liberot2306.03310t10tlibero_cand_010.pngt350x350
liberot2306.03310t11tlibero_cand_011.pngt350x350
liberot2306.03310t12tlibero_cand_012.pngt350x350
liberot2306.03310t13tlibero_cand_013.pngt350x350
liberot2306.03310t14tlibero_cand_014.pngt350x350
liberot2306.03310t15tlibero_cand_015.pngt350x350
liberot2306.03310t16tlibero_cand_016.pngt350x350
liberot2306.03310t17tlibero_cand_017.pngt350x350
liberot2306.03310t18tlibero_cand_018.pngt350x350
liberot2306.03310t19tlibero_cand_019.pngt350x350
liberot2306.03310t20tlibero_cand_020.pngt350x350
liberot2306.03310t21tlibero_cand_021.pngt1798x785
liberot2306.03310t22tlibero_cand_022.pngt1798x785
liberot2306.03310t23tlibero_cand_023.pngt512x512
liberot2306.03310t24tlibero_cand_024.pngt512x512
liberot2306.03310t25tlibero_cand_025.pngt1797x768
liberot2306.03310t26tlibero_cand_026.pngt1797x768
liberot2306.03310t27tlibero_cand_027.pngt512x512
liberot2306.03310t28tlibero_cand_028.pngt512x512
liberot2306.03310t29tlibero_cand_029.pngt1962x745
liberot2306.03310t30tlibero_cand_030.pngt1962x745
liberot2306.03310t31tlibero_cand_031.pngt512x512
liberot2306.03310t32tlibero_cand_032.pngt512x512
liberot2306.03310t33tlibero_cand_033.pngt1897x1079
liberot2306.03310t34tlibero_cand_034.pngt1897x1079
liberot2306.03310t35tlibero_cand_035.pngt512x512
liberot2306.03310t36tlibero_cand_036.pngt512x512
liberot2306.03310t37tlibero_cand_037.pngt512x512
liberot2306.03310t38tlibero_cand_038.pngt512x512
liberot2306.03310t39tlibero_cand_039.pngt512x512
liberot2306.03310t40tlibero_cand_040.pngt600x600
liberot2306.03310t41tlibero_cand_041.pngt600x600
liberot2306.03310t42tlibero_cand_042.pngt700x700
liberot2306.03310t43tlibero_cand_043.pngt700x700
liberot2306.03310t44tlibero_cand_044.pngt700x700
liberot2306.03310t45tlibero_cand_045.pngt700x700
liberot2306.03310t46tlibero_cand_046.pngt1321x1064
liberot2306.03310t47tlibero_cand_047.pngt1321x1064
liberot2306.03310t48tlibero_cand_048.pngt1321x339
liberot2306.03310t49tlibero_cand_049.pngt1321x339
liberot2306.03310t50tlibero_cand_050.pngt1363x1064
liberot2306.03310t51tlibero_cand_051.pngt1363x1064
liberot2306.03310t52tlibero_cand_052.pngt1363x339
liberot2306.03310t53tlibero_cand_053.pngt1363x339
liberot2306.03310t54tlibero_cand_054.pngt350x350
liberot2306.03310t55tlibero_cand_055.pngt350x350
liberot2306.03310t56tlibero_cand_056.pngt350x350
liberot2306.03310t57tlibero_cand_057.pngt350x350
liberot2306.03310t58tlibero_cand_058.pngt700x700
liberot2306.03310t59tlibero_cand_059.pngt700x700
liberot2306.03310t60tlibero_cand_060.pngt350x350
liberot2306.03310t61tlibero_cand_061.pngt350x350
liberot2306.03310t62tlibero_cand_062.pngt1320x1064
liberot2306.03310t63tlibero_cand_063.pngt1320x1064
liberot2306.03310t64tlibero_cand_064.pngt1320x339
liberot2306.03310t65tlibero_cand_065.pngt1320x339
liberot2306.03310t66tlibero_cand_066.pngt350x350
liberot2306.03310t67tlibero_cand_067.pngt350x350
liberot2306.03310t68tlibero_cand_068.pngt350x350
liberot2306.03310t69tlibero_cand_069.pngt350x350
liberot2306.03310t70tlibero_cand_070.pngt350x350
liberot2306.03310t71tlibero_cand_071.pngt350x350
liberot2306.03310t72tlibero_cand_072.pngt350x350
liberot2306.03310t73tlibero_cand_073.pngt350x350
liberot2306.03310t74tlibero_cand_074.pngt350x350
liberot2306.03310t75tlibero_cand_075.pngt350x350
liberot2306.03310t76tlibero_cand_076.pngt1321x1064
liberot2306.03310t77tlibero_cand_077.pngt1321x1064
liberot2306.03310t78tlibero_cand_078.pngt1321x339
liberot2306.03310t79tlibero_cand_079.pngt1321x339
liberot2306.03310t80tlibero_cand_080.pngt350x350
liberot2306.03310t81tlibero_cand_081.pngt350x350
liberot2306.03310t82tlibero_cand_082.pngt350x350
liberot2306.03310t83tlibero_cand_083.pngt350x350
liberot2306.03310t84tlibero_cand_084.pngt350x350
liberot2306.03310t85tlibero_cand_085.pngt350x350
liberot2306.03310t86tlibero_cand_086.pngt3900x1500
liberot2306.03310t87tlibero_cand_087.pngt1598x628
liberot2306.03310t88tlibero_cand_088.pngt1600x684
liberot2306.03310t89tlibero_cand_089.pngt2439x528
liberot2306.03310t90tlibero_cand_090.pngt1105x1430
liberot2306.03310t91tlibero_cand_091.pngt1105x1430
liberot2306.03310t92tlibero_cand_092.pngt1105x1430
liberot2306.03310t93tlibero_cand_093.pngt1105x1430
liberot2306.03310t94tlibero_cand_094.pngt1105x1430
liberot2306.03310t95tlibero_cand_095.pngt1105x1430
liberot2306.03310t96tlibero_cand_096.pngt1105x1430
liberot2306.03310t97tlibero_cand_097.pngt1105x1430
liberot2306.03310t98tlibero_cand_098.pngt1105x1430
liberot2306.03310t99tlibero_cand_099.pngt1105x1430
liberot2306.03310t100tlibero_cand_100.pngt1105x1430
liberot2306.03310t101tlibero_cand_101.pngt1105x1430
liberot2306.03310t102tlibero_cand_102.pngt1105x1430
liberot2306.03310t103tlibero_cand_103.pngt1105x1430
maniskill2t2302.04659t0tmaniskill2_cand_000.pngt3200x1080
maniskill2t2302.04659t1tmaniskill2_cand_001.pngt3200x1080
maniskill2t2302.04659t2tmaniskill2_cand_002.pngt976x576
maniskill2t2302.04659t3tmaniskill2_cand_003.pngt976x576
maniskill2t2302.04659t4tmaniskill2_cand_004.pngt976x576
maniskill2t2302.04659t5tmaniskill2_cand_005.pngt976x576
maniskill2t2302.04659t6tmaniskill2_cand_006.pngt3504x2628
maniskill2t2302.04659t7tmaniskill2_cand_007.pngt840x617
maniskill2t2302.04659t8tmaniskill2_cand_008.pngt1232x2139
maniskill2t2302.04659t9tmaniskill2_cand_009.pngt381x610
maniskill2t2302.04659t10tmaniskill2_cand_010.pngt2207x1256
maniskill2t2302.04659t11tmaniskill2_cand_011.pngt530x294
maniskill2t2302.04659t12tmaniskill2_cand_012.pngt292x466
maniskill2t2302.04659t13tmaniskill2_cand_013.pngt406x653
maniskill2t2302.04659t14tmaniskill2_cand_014.pngt1232x2139
maniskill2t2302.04659t15tmaniskill2_cand_015.pngt381x610
maniskill2t2302.04659t16tmaniskill2_cand_016.pngt1105x1430
maniskill2t2302.04659t17tmaniskill2_cand_017.pngt1105x1430
maniskill2t2302.04659t18tmaniskill2_cand_018.pngt1105x1430
maniskill2t2302.04659t19tmaniskill2_cand_019.pngt1105x1430
maniskill2t2302.04659t20tmaniskill2_cand_020.pngt1105x1430
maniskill2t2302.04659t21tmaniskill2_cand_021.pngt1105x1430
maniskill2t2302.04659t22tmaniskill2_cand_022.pngt1105x1430
maniskill2t2302.04659t23tmaniskill2_cand_023.pngt1105x1430
maniskill2t2302.04659t24tmaniskill2_cand_024.pngt1105x1430
maniskill2t2302.04659t25tmaniskill2_cand_025.pngt1105x1430
maniskill2t2302.04659t26tmaniskill2_cand_026.pngt1105x1430
maniskill2t2302.04659t27tmaniskill2_cand_027.pngt1105x1430
maniskill2t2302.04659t28tmaniskill2_cand_028.pngt1105x1430
maniskill2t2302.04659t29tmaniskill2_cand_029.pngt1105x1430
roboarenat2506.18123t0troboarena_cand_000.pngt461x498
roboarenat2506.18123t1troboarena_cand_001.pngt326x182
roboarenat2506.18123t2troboarena_cand_002.pngt326x182
roboarenat2506.18123t3troboarena_cand_003.pngt326x182
roboarenat2506.18123t4troboarena_cand_004.pngt326x182
roboarenat2506.18123t5troboarena_cand_005.pngt326x182
roboarenat2506.18123t6troboarena_cand_006.pngt326x182
roboarenat2506.18123t7troboarena_cand_007.pngt326x182
roboarenat2506.18123t8troboarena_cand_008.pngt326x182
roboarenat2506.18123t9troboarena_cand_009.pngt326x182
roboarenat2506.18123t10troboarena_cand_010.pngt326x182
roboarenat2506.18123t11troboarena_cand_011.pngt326x182
roboarenat2506.18123t12troboarena_cand_012.pngt326x182
roboarenat2506.18123t13troboarena_cand_013.pngt326x182
roboarenat2506.18123t14troboarena_cand_014.pngt326x182
roboarenat2506.18123t15troboarena_cand_015.pngt326x182
roboarenat2506.18123t16troboarena_cand_016.pngt326x182
roboarenat2506.18123t17troboarena_cand_017.pngt262x520
roboarenat2506.18123t18troboarena_cand_018.pngt262x520
roboarenat2506.18123t19troboarena_cand_019.pngt262x576
roboarenat2506.18123t20troboarena_cand_020.pngt262x576
roboarenat2506.18123t21troboarena_cand_021.pngt326x182
roboarenat2506.18123t22troboarena_cand_022.pngt326x182
roboarenat2506.18123t23troboarena_cand_023.pngt326x182
roboarenat2506.18123t24troboarena_cand_024.pngt326x182
roboarenat2506.18123t25troboarena_cand_025.pngt326x182
roboarenat2506.18123t26troboarena_cand_026.pngt326x182
roboarenat2506.18123t27troboarena_cand_027.pngt314x314
roboarenat2506.18123t28troboarena_cand_028.pngt651x450
roboarenat2506.18123t29troboarena_cand_029.pngt318x344
roboarenat2506.18123t30troboarena_cand_030.pngt262x147
roboarenat2506.18123t31troboarena_cand_031.pngt262x147
roboarenat2506.18123t32troboarena_cand_032.pngt264x147
roboarenat2506.18123t33troboarena_cand_033.pngt264x147
roboarenat2506.18123t34troboarena_cand_034.pngt264x147
roboarenat2506.18123t35troboarena_cand_035.pngt264x147
roboarenat2506.18123t36troboarena_cand_036.pngt264x147
roboarenat2506.18123t37troboarena_cand_037.pngt264x147
roboarenat2506.18123t38troboarena_cand_038.pngt362x219
roboarenat2506.18123t39troboarena_cand_039.pngt362x219
roboarenat2506.18123t40troboarena_cand_040.pngt362x214
roboarenat2506.18123t41troboarena_cand_041.pngt362x214
roboarenat2506.18123t42troboarena_cand_042.pngt359x188
roboarenat2506.18123t43troboarena_cand_043.pngt359x188
roboarenat2506.18123t44troboarena_cand_044.pngt362x214
roboarenat2506.18123t45troboarena_cand_045.pngt362x214
roboarenat2506.18123t46troboarena_cand_046.pngt362x190
roboarenat2506.18123t47troboarena_cand_047.pngt362x190
roboarenat2506.18123t48troboarena_cand_048.pngt361x189
roboarenat2506.18123t49troboarena_cand_049.pngt361x189
roboarenat2506.18123t50troboarena_cand_050.pngt362x190
roboarenat2506.18123t51troboarena_cand_051.pngt362x190
roboarenat2506.18123t52troboarena_cand_052.pngt678x730
roboarenat2506.18123t53troboarena_cand_053.pngt678x730
roboarenat2506.18123t54troboarena_cand_054.pngt1105x1430
roboarenat2506.18123t55troboarena_cand_055.pngt1105x1430
roboarenat2506.18123t56troboarena_cand_056.pngt1105x1430
roboarenat2506.18123t57troboarena_cand_057.pngt1105x1430
roboarenat2506.18123t58troboarena_cand_058.pngt1105x1430
roboarenat2506.18123t59troboarena_cand_059.pngt1105x1430
roboarenat2506.18123t60troboarena_cand_060.pngt1105x1430
roboarenat2506.18123t61troboarena_cand_061.pngt1105x1430
roboarenat2506.18123t62troboarena_cand_062.pngt1105x1430
roboarenat2506.18123t63troboarena_cand_063.pngt1105x1430
roboarenat2506.18123t64troboarena_cand_064.pngt1105x1430
roboarenat2506.18123t65troboarena_cand_065.pngt1105x1430
roboarenat2506.18123t66troboarena_cand_066.pngt1105x1430
roboarenat2506.18123t67troboarena_cand_067.pngt1105x1430
physbencht2501.16411t0tphysbench_cand_000.pngt209x213
physbencht2501.16411t1tphysbench_cand_001.pngt209x213
physbencht2501.16411t2tphysbench_cand_002.pngt821x548
physbencht2501.16411t3tphysbench_cand_003.pngt430x307
physbencht2501.16411t4tphysbench_cand_004.pngt430x307
physbencht2501.16411t5tphysbench_cand_005.pngt432x308
physbencht2501.16411t6tphysbench_cand_006.pngt426x324
physbencht2501.16411t7tphysbench_cand_007.pngt417x325
physbencht2501.16411t8tphysbench_cand_008.pngt413x324
physbencht2501.16411t9tphysbench_cand_009.pngt530x309
physbencht2501.16411t10tphysbench_cand_010.pngt474x350
physbencht2501.16411t11tphysbench_cand_011.pngt432x325
physbencht2501.16411t12tphysbench_cand_012.pngt432x325
physbencht2501.16411t13tphysbench_cand_013.pngt432x325
physbencht2501.16411t14tphysbench_cand_014.pngt432x325
physbencht2501.16411t15tphysbench_cand_015.pngt432x325
physbencht2501.16411t16tphysbench_cand_016.pngt432x325
physbencht2501.16411t17tphysbench_cand_017.pngt426x325
physbencht2501.16411t18tphysbench_cand_018.pngt432x325
physbencht2501.16411t19tphysbench_cand_019.pngt432x325
physbencht2501.16411t20tphysbench_cand_020.pngt380x217
physbencht2501.16411t21tphysbench_cand_021.pngt380x207
physbencht2501.16411t22tphysbench_cand_022.pngt379x224
physbencht2501.16411t23tphysbench_cand_023.pngt379x218
physbencht2501.16411t24tphysbench_cand_024.pngt337x225
physbencht2501.16411t25tphysbench_cand_025.pngt337x225
physbencht2501.16411t26tphysbench_cand_026.pngt338x218
physbencht2501.16411t27tphysbench_cand_027.pngt338x218
physbencht2501.16411t28tphysbench_cand_028.pngt578x316
physbencht2501.16411t29tphysbench_cand_029.pngt578x316
physbencht2501.16411t30tphysbench_cand_030.pngt396x218
physbencht2501.16411t31tphysbench_cand_031.pngt305x202
physbencht2501.16411t32tphysbench_cand_032.pngt394x241
physbencht2501.16411t33tphysbench_cand_033.pngt394x241
physbencht2501.16411t34tphysbench_cand_034.pngt329x209
physbencht2501.16411t35tphysbench_cand_035.pngt249x249
physbencht2501.16411t36tphysbench_cand_036.pngt249x249
physbencht2501.16411t37tphysbench_cand_037.pngt249x249
physbencht2501.16411t38tphysbench_cand_038.pngt372x214
physbencht2501.16411t39tphysbench_cand_039.pngt372x222
physbencht2501.16411t40tphysbench_cand_040.pngt396x200
physbencht2501.16411t41tphysbench_cand_041.pngt259x259
physbencht2501.16411t42tphysbench_cand_042.pngt259x259
physbencht2501.16411t43tphysbench_cand_043.pngt259x259
physbencht2501.16411t44tphysbench_cand_044.pngt329x199
physbencht2501.16411t45tphysbench_cand_045.pngt303x183
physbencht2501.16411t46tphysbench_cand_046.pngt369x208
physbencht2501.16411t47tphysbench_cand_047.pngt369x208
physbencht2501.16411t48tphysbench_cand_048.pngt397x214
physbencht2501.16411t49tphysbench_cand_049.pngt294x189
physbencht2501.16411t50tphysbench_cand_050.pngt294x188
physbencht2501.16411t51tphysbench_cand_051.pngt294x189
physbencht2501.16411t52tphysbench_cand_052.pngt379x214
physbencht2501.16411t53tphysbench_cand_053.pngt596x596
physbencht2501.16411t54tphysbench_cand_054.pngt276x277
physbencht2501.16411t55tphysbench_cand_055.pngt276x277
physbencht2501.16411t56tphysbench_cand_056.pngt279x280
physbencht2501.16411t57tphysbench_cand_057.pngt281x281
physbencht2501.16411t58tphysbench_cand_058.pngt1123x286
physbencht2501.16411t59tphysbench_cand_059.pngt1123x286
physbencht2501.16411t60tphysbench_cand_060.pngt283x227
physbencht2501.16411t61tphysbench_cand_061.pngt461x457
physbencht2501.16411t62tphysbench_cand_062.pngt434x435
physbencht2501.16411t63tphysbench_cand_063.pngt562x561
physbencht2501.16411t64tphysbench_cand_064.pngt1105x1430
physbencht2501.16411t65tphysbench_cand_065.pngt1105x1430
physbencht2501.16411t66tphysbench_cand_066.pngt1105x1430
physbencht2501.16411t67tphysbench_cand_067.pngt1105x1430
physbencht2501.16411t68tphysbench_cand_068.pngt1105x1430
physbencht2501.16411t69tphysbench_cand_069.pngt1105x1430
physbencht2501.16411t70tphysbench_cand_070.pngt1105x1430
physbencht2501.16411t71tphysbench_cand_071.pngt1105x1430
physbencht2501.16411t72tphysbench_cand_072.pngt1105x1430
physbencht2501.16411t73tphysbench_cand_073.pngt1105x1430
physbencht2501.16411t74tphysbench_cand_074.pngt1105x1430
physbencht2501.16411t75tphysbench_cand_075.pngt1105x1430
physbencht2501.16411t76tphysbench_cand_076.pngt1105x1430
physbencht2501.16411t77tphysbench_cand_077.pngt1105x1430
