benchmark	key	arxiv_id	source	size
LIBERO	libero	2306.03310	largest raster pp.1-3 (libero_r-033.png)	480x384
CALVIN	calvin	2112.03227	largest raster pp.1-3 (calvin_r-000.png)	480x384
Meta-World	metaworld	1910.10897	largest raster pp.1-3 (metaworld_r-000.png)	480x384
ManiSkill2	maniskill2	2302.04659	largest raster pp.1-3 (maniskill2_r-000.png)	480x384
RoboCasa	robocasa	2406.02523	largest raster pp.1-3 (robocasa_r-000.png)	480x384
Habitat-3.0	habitat30	2310.13724	largest raster pp.1-3 (habitat30_r-001.png)	480x384
BEHAVIOR-1K	behavior1k	2403.09227	largest raster pp.1-3 (behavior1k_r-001.png)	480x384
ALFRED	alfred	1912.01734	largest raster pp.1-3 (alfred_r-021.png)	480x384
GemBench	gembench	2410.01345	largest raster pp.1-3 (gembench_r-002.png)	480x384
WorldModelBench	worldmodelbench	2502.20694	largest raster pp.1-3 (worldmodelbench_r-019.png)	480x384
Physics-IQ	physicsiq	2501.09038	largest raster pp.1-3 (physicsiq_r-002.png)	480x384
VBench-2.0	vbench20	2503.21755	page-1 render	480x384
WorldScore	worldscore	2504.00983	largest raster pp.1-3 (worldscore_r-003.png)	480x384
EWMBench	ewmbench	2505.09694	largest raster pp.1-3 (ewmbench_r-000.png)	480x384
EVA-Bench	evabench	2410.15461	largest raster pp.1-3 (evabench_r-020.png)	480x384
WorldPrediction	worldprediction	2506.04363	largest raster pp.1-3 (worldprediction_r-000.png)	480x384
Physion	physion	2106.08261	largest raster pp.1-3 (physion_r-000.png)	480x384
Physion++	physionpp	2306.15668	largest raster pp.1-3 (physionpp_r-000.png)	480x384
