key	year	source
jiang2020how	2021	Crossref, earliest of online/print date, DOI 10.1162/tacl_a_00407
chen2022close	2023	ACL Anthology DOI 10.18653/v1/2023.acl-long.75
stengeleskin2022calibrated	2023	Crossref, earliest of online/print date, DOI 10.1162/tacl_a_00598
li2023large	2025	ACL Anthology DOI 10.18653/v1/2025.findings-acl.603
lovering2024language	2025	ACL Anthology DOI 10.18653/v1/2025.acl-long.1417
chwang2023androids	2024	ACL Anthology DOI 10.18653/v1/2024.findings-acl.260
cho2024token	2025	ACL Anthology DOI 10.18653/v1/2025.naacl-long.278
ye2021can	2022	ACL Anthology DOI 10.18653/v1/2022.acl-long.429
mielke2020reducing	2022	Crossref, earliest of online/print date, DOI 10.1162/tacl_a_00494
steyvers2024what	2025	Crossref, earliest of online/print date, DOI 10.1038/s42256-024-00976-7
huang2023look	2025	Crossref, earliest of online/print date, DOI 10.1109/TSE.2024.3519464
angelopoulos2021learn	2025	Crossref, earliest of online/print date, DOI 10.1214/24-aoas1998
dey2021conformal	2022	Crossref, earliest of online/print date, DOI 10.51387/22-nejsds8
zerva2023conformalizing	2024	Crossref, earliest of online/print date, DOI 10.1162/tacl_a_00711
lee2023selective	2024	Crossref, earliest of online/print date, DOI 10.52202/079017-1600
li2023traq	2024	ACL Anthology DOI 10.18653/v1/2024.naacl-long.210
wang2023conformal	2025	Crossref, earliest of online/print date, DOI 10.1145/3769111
wang2024probabilistically	2025	Crossref, earliest of online/print date, DOI 10.1109/LRA.2024.3504233
yin2025deliberative	2026	ACL Anthology DOI 10.18653/v1/2026.acl-long.199
yang2023alignment	2024	Crossref, earliest of online/print date, DOI 10.52202/079017-2030
kang2024unfamiliar	2025	ACL Anthology DOI 10.18653/v1/2025.naacl-long.183
chen2024teaching	2025	ACL Anthology DOI 10.18653/v1/2025.knowllm-1.3
li2024know	2025	ACL Anthology DOI 10.18653/v1/2025.findings-acl.153
xue2024ualign	2025	ACL Anthology DOI 10.18653/v1/2025.acl-long.299
kalai2023calibrated	2024	Crossref, earliest of online/print date, DOI 10.1145/3618260.3649777
lin2023generating	2024	arXiv 2305.19187 journal-ref: Published in TMLR (05/2024)
wang2024wordsequence	2025	Crossref, EAAI, DOI 10.1016/j.engappai.2024.109553
lyu2024calibrating	2025	Crossref, AAAI, DOI 10.1609/aaai.v39i18.34120
