group	tile	name	url	fig
S0 read-off	/Users/kapilwanaskar/Downloads/research_projects/surveys/overleaf_draft/p05_jev_rlcd/no_upload/tiles/results/stengeleskin2022calibrated_fig1.png	Stengel-Eskin and Van Durme 2023	https://arxiv.org/abs/2211.07443	Fig. 1, p.~6
S0 read-off	/Users/kapilwanaskar/Downloads/research_projects/surveys/overleaf_draft/p05_jev_rlcd/no_upload/tiles/results/sanzguerrero2026large_fig4.png	Sanz-Guerrero et al. 2026	https://arxiv.org/abs/2606.03437	Fig. 4, p.~6
S1 post-hoc map	/Users/kapilwanaskar/Downloads/research_projects/surveys/overleaf_draft/p05_jev_rlcd/no_upload/tiles/results/liu2023cognitive_fig2.png	Liu et al. 2023a	https://arxiv.org/abs/2312.03729	Fig. 2, p.~3
S1 post-hoc map	/Users/kapilwanaskar/Downloads/research_projects/surveys/overleaf_draft/p05_jev_rlcd/no_upload/tiles/results/luo2026unlocking_fig5.png	Luo et al. 2026	https://arxiv.org/abs/2601.04277	Fig. 5, p.~15
S1 post-hoc map	/Users/kapilwanaskar/Downloads/research_projects/surveys/overleaf_draft/p05_jev_rlcd/no_upload/tiles/results/luo2025your_fig1.png	Luo et al. 2025	https://arxiv.org/abs/2505.16690	Fig. 1, p.~3
S2 prompt elicitation	/Users/kapilwanaskar/Downloads/research_projects/surveys/overleaf_draft/p05_jev_rlcd/no_upload/tiles/results/marashian2026speaking_fig2.png	Marashian et al. 2026	https://arxiv.org/abs/2606.17234	Fig. 2, p.~5
S2 prompt elicitation	/Users/kapilwanaskar/Downloads/research_projects/surveys/overleaf_draft/p05_jev_rlcd/no_upload/tiles/results/yang2024confidence_fig3.png	Yang et al. 2024c	https://arxiv.org/abs/2404.09127	Fig. 3, p.~11
S2 prompt elicitation	/Users/kapilwanaskar/Downloads/research_projects/surveys/overleaf_draft/p05_jev_rlcd/no_upload/tiles/results/ferrer2026when_fig1.png	Ferrer et al. 2026	https://arxiv.org/abs/2603.29559	Fig. 1, p.~10
S3 extra inference	/Users/kapilwanaskar/Downloads/research_projects/surveys/overleaf_draft/p05_jev_rlcd/no_upload/tiles/results/ulmer2024nonexchangeable_fig2.png	Ulmer et al. 2024b	https://arxiv.org/abs/2402.00707	Fig. 2, p.~6
S3 extra inference	/Users/kapilwanaskar/Downloads/research_projects/surveys/overleaf_draft/p05_jev_rlcd/no_upload/tiles/results/wang2026conformal_fig4.png	Wang et al. 2026b	https://arxiv.org/abs/2602.03814	Fig. 4, p.~7
S3 extra inference	/Users/kapilwanaskar/Downloads/research_projects/surveys/overleaf_draft/p05_jev_rlcd/no_upload/tiles/results/cherian2024large_fig8.png	Cherian et al. 2024	https://arxiv.org/abs/2406.09714	Fig. 8, p.~18
S4 training	/Users/kapilwanaskar/Downloads/research_projects/surveys/overleaf_draft/p05_jev_rlcd/no_upload/tiles/results/tan2026on_fig4.png	Tan et al. 2026	https://arxiv.org/abs/2607.04332	Fig. 4, p.~8
S4 training	/Users/kapilwanaskar/Downloads/research_projects/surveys/overleaf_draft/p05_jev_rlcd/no_upload/tiles/results/steyvers2025generalization_fig3.png	Steyvers et al. 2025a	https://arxiv.org/abs/2510.05126	Fig. 3, p.~7
X consumers and contract	/Users/kapilwanaskar/Downloads/research_projects/surveys/overleaf_draft/p05_jev_rlcd/no_upload/tiles/results/soiffer2025semantic_fig2.png	Soiffer et al. 2025	https://arxiv.org/abs/2509.21837	Fig. 2, p.~5
X consumers and contract	/Users/kapilwanaskar/Downloads/research_projects/surveys/overleaf_draft/p05_jev_rlcd/no_upload/tiles/results/fanconi2025cascaded_fig3.png	Fanconi and van der Schaar 2025	https://arxiv.org/abs/2506.11887	Fig. 3, p.~8
X consumers and contract	/Users/kapilwanaskar/Downloads/research_projects/surveys/overleaf_draft/p05_jev_rlcd/no_upload/tiles/results/srinivasan2024selective_fig3.png	Srinivasan et al. 2024	https://arxiv.org/abs/2402.15610	Fig. 3, p.~5
